Entity,Code,Year,"Civil liberties index (best estimate, aggregate: average)"
Brazil,BRA,1900,0.429
Brazil,BRA,1901,0.429
Brazil,BRA,1902,0.423
Brazil,BRA,1903,0.423
Brazil,BRA,1904,0.43
Brazil,BRA,1905,0.437
Brazil,BRA,1906,0.437
Brazil,BRA,1907,0.437
Brazil,BRA,1908,0.437
Brazil,BRA,1909,0.437
Brazil,BRA,1910,0.44
Brazil,BRA,1911,0.44
Brazil,BRA,1912,0.44
Brazil,BRA,1913,0.44
Brazil,BRA,1914,0.44
Brazil,BRA,1915,0.44
Brazil,BRA,1916,0.44
Brazil,BRA,1917,0.44
Brazil,BRA,1918,0.44
Brazil,BRA,1919,0.44
Brazil,BRA,1920,0.44
Brazil,BRA,1921,0.44
Brazil,BRA,1922,0.437
Brazil,BRA,1923,0.435
Brazil,BRA,1924,0.435
Brazil,BRA,1925,0.435
Brazil,BRA,1926,0.435
Brazil,BRA,1927,0.437
Brazil,BRA,1928,0.437
Brazil,BRA,1929,0.437
Brazil,BRA,1930,0.41
Brazil,BRA,1931,0.394
Brazil,BRA,1932,0.393
Brazil,BRA,1933,0.393
Brazil,BRA,1934,0.395
Brazil,BRA,1935,0.387
Brazil,BRA,1936,0.387
Brazil,BRA,1937,0.264
Brazil,BRA,1938,0.252
Brazil,BRA,1939,0.254
Brazil,BRA,1940,0.254
Brazil,BRA,1941,0.254
Brazil,BRA,1942,0.254
Brazil,BRA,1943,0.254
Brazil,BRA,1944,0.254
Brazil,BRA,1945,0.365
Brazil,BRA,1946,0.564
Brazil,BRA,1947,0.569
Brazil,BRA,1948,0.566
Brazil,BRA,1949,0.571
Brazil,BRA,1950,0.573
Brazil,BRA,1951,0.573
Brazil,BRA,1952,0.573
Brazil,BRA,1953,0.573
Brazil,BRA,1954,0.57
Brazil,BRA,1955,0.6
Brazil,BRA,1956,0.607
Brazil,BRA,1957,0.607
Brazil,BRA,1958,0.607
Brazil,BRA,1959,0.605
Brazil,BRA,1960,0.606
Brazil,BRA,1961,0.612
Brazil,BRA,1962,0.611
Brazil,BRA,1963,0.613
Brazil,BRA,1964,0.33
Brazil,BRA,1965,0.231
Brazil,BRA,1966,0.223
Brazil,BRA,1967,0.222
Brazil,BRA,1968,0.216
Brazil,BRA,1969,0.206
Brazil,BRA,1970,0.207
Brazil,BRA,1971,0.211
Brazil,BRA,1972,0.211
Brazil,BRA,1973,0.211
Brazil,BRA,1974,0.214
Brazil,BRA,1975,0.217
Brazil,BRA,1976,0.231
Brazil,BRA,1977,0.231
Brazil,BRA,1978,0.242
Brazil,BRA,1979,0.338
Brazil,BRA,1980,0.383
Brazil,BRA,1981,0.383
Brazil,BRA,1982,0.387
Brazil,BRA,1983,0.387
Brazil,BRA,1984,0.397
Brazil,BRA,1985,0.555
Brazil,BRA,1986,0.705
Brazil,BRA,1987,0.731
Brazil,BRA,1988,0.804
Brazil,BRA,1989,0.808
Brazil,BRA,1990,0.819
Brazil,BRA,1991,0.819
Brazil,BRA,1992,0.821
Brazil,BRA,1993,0.821
Brazil,BRA,1994,0.823
Brazil,BRA,1995,0.825
Brazil,BRA,1996,0.825
Brazil,BRA,1997,0.825
Brazil,BRA,1998,0.825
Brazil,BRA,1999,0.825
Brazil,BRA,2000,0.825
Brazil,BRA,2001,0.825
Brazil,BRA,2002,0.836
Brazil,BRA,2003,0.836
Brazil,BRA,2004,0.836
Brazil,BRA,2005,0.867
Brazil,BRA,2006,0.868
Brazil,BRA,2007,0.868
Brazil,BRA,2008,0.868
Brazil,BRA,2009,0.868
Brazil,BRA,2010,0.868
Brazil,BRA,2011,0.868
Brazil,BRA,2012,0.867
Brazil,BRA,2013,0.865
Brazil,BRA,2014,0.865
Brazil,BRA,2015,0.862
Brazil,BRA,2016,0.838
Brazil,BRA,2017,0.821
Brazil,BRA,2018,0.785
Brazil,BRA,2019,0.695
Brazil,BRA,2020,0.683
Brazil,BRA,2021,0.666
Brazil,BRA,2022,0.671
Brazil,BRA,2023,0.848
Brazil,BRA,2024,0.85
China,CHN,1900,0.128
China,CHN,1901,0.131
China,CHN,1902,0.131
China,CHN,1903,0.131
China,CHN,1904,0.136
China,CHN,1905,0.137
China,CHN,1906,0.145
China,CHN,1907,0.145
China,CHN,1908,0.145
China,CHN,1909,0.145
China,CHN,1910,0.145
China,CHN,1911,0.144
China,CHN,1912,0.239
China,CHN,1913,0.324
China,CHN,1914,0.314
China,CHN,1915,0.313
China,CHN,1916,0.317
China,CHN,1917,0.319
China,CHN,1918,0.319
China,CHN,1919,0.319
China,CHN,1920,0.315
China,CHN,1921,0.317
China,CHN,1922,0.317
China,CHN,1923,0.317
China,CHN,1924,0.317
China,CHN,1925,0.317
China,CHN,1926,0.32
China,CHN,1927,0.272
China,CHN,1928,0.259
China,CHN,1929,0.261
China,CHN,1930,0.257
China,CHN,1931,0.257
China,CHN,1932,0.257
China,CHN,1933,0.257
China,CHN,1934,0.257
China,CHN,1935,0.257
China,CHN,1936,0.257
China,CHN,1937,0.257
China,CHN,1938,0.273
China,CHN,1939,0.269
China,CHN,1940,0.269
China,CHN,1941,0.269
China,CHN,1942,0.269
China,CHN,1943,0.269
China,CHN,1944,0.269
China,CHN,1945,0.269
China,CHN,1946,0.256
China,CHN,1947,0.258
China,CHN,1948,0.258
China,CHN,1949,0.142
China,CHN,1950,0.082
China,CHN,1951,0.081
China,CHN,1952,0.081
China,CHN,1953,0.081
China,CHN,1954,0.081
China,CHN,1955,0.088
China,CHN,1956,0.076
China,CHN,1957,0.063
China,CHN,1958,0.062
China,CHN,1959,0.062
China,CHN,1960,0.07
China,CHN,1961,0.071
China,CHN,1962,0.071
China,CHN,1963,0.071
China,CHN,1964,0.071
China,CHN,1965,0.07
China,CHN,1966,0.039
China,CHN,1967,0.04
China,CHN,1968,0.04
China,CHN,1969,0.037
China,CHN,1970,0.04
China,CHN,1971,0.04
China,CHN,1972,0.045
China,CHN,1973,0.048
China,CHN,1974,0.048
China,CHN,1975,0.048
China,CHN,1976,0.048
China,CHN,1977,0.064
China,CHN,1978,0.121
China,CHN,1979,0.228
China,CHN,1980,0.249
China,CHN,1981,0.254
China,CHN,1982,0.254
China,CHN,1983,0.254
China,CHN,1984,0.254
China,CHN,1985,0.254
China,CHN,1986,0.262
China,CHN,1987,0.265
China,CHN,1988,0.265
China,CHN,1989,0.238
China,CHN,1990,0.219
China,CHN,1991,0.222
China,CHN,1992,0.239
China,CHN,1993,0.241
China,CHN,1994,0.248
China,CHN,1995,0.251
China,CHN,1996,0.261
China,CHN,1997,0.261
China,CHN,1998,0.262
China,CHN,1999,0.262
China,CHN,2000,0.267
China,CHN,2001,0.273
China,CHN,2002,0.283
China,CHN,2003,0.299
China,CHN,2004,0.298
China,CHN,2005,0.29
China,CHN,2006,0.29
China,CHN,2007,0.295
China,CHN,2008,0.292
China,CHN,2009,0.288
China,CHN,2010,0.287
China,CHN,2011,0.283
China,CHN,2012,0.282
China,CHN,2013,0.26
China,CHN,2014,0.244
China,CHN,2015,0.26
China,CHN,2016,0.25
China,CHN,2017,0.245
China,CHN,2018,0.22
China,CHN,2019,0.212
China,CHN,2020,0.195
China,CHN,2021,0.193
China,CHN,2022,0.175
China,CHN,2023,0.173
China,CHN,2024,0.186
Europe,,1900,0.67624
Europe,,1901,0.67712
Europe,,1902,0.67648
Europe,,1903,0.67664
Europe,,1904,0.67644
Europe,,1905,0.68027997
Europe,,1906,0.68299997
Europe,,1907,0.68216
Europe,,1908,0.681
Europe,,1909,0.68104
Europe,,1910,0.6832
Europe,,1911,0.6842
Europe,,1912,0.67346156
Europe,,1913,0.67057693
Europe,,1914,0.6355769
Europe,,1915,0.62473077
Europe,,1916,0.62107694
Europe,,1917,0.6223846
Europe,,1918,0.6417
Europe,,1919,0.6833
Europe,,1920,0.70651615
Europe,,1921,0.7123226
Europe,,1922,0.7109677
Europe,,1923,0.7001935
Europe,,1924,0.69825804
Europe,,1925,0.68987095
Europe,,1926,0.6814194
Europe,,1927,0.67212903
Europe,,1928,0.6722903
Europe,,1929,0.6712581
Europe,,1930,0.66758066
Europe,,1931,0.6772258
Europe,,1932,0.68122584
Europe,,1933,0.6526452
Europe,,1934,0.6288387
Europe,,1935,0.62274194
Europe,,1936,0.6071613
Europe,,1937,0.5978387
Europe,,1938,0.5915484
Europe,,1939,0.5502667
Europe,,1940,0.41707408
Europe,,1941,0.38217857
Europe,,1942,0.3815714
Europe,,1943,0.38114285
Europe,,1944,0.375
Europe,,1945,0.49103704
Europe,,1946,0.5929259
Europe,,1947,0.59603703
Europe,,1948,0.5747778
Europe,,1949,0.5747931
Europe,,1950,0.58248276
Europe,,1951,0.585
Europe,,1952,0.5862759
Europe,,1953,0.5871034
Europe,,1954,0.59144825
Europe,,1955,0.5909655
Europe,,1956,0.5964483
Europe,,1957,0.6033448
Europe,,1958,0.6055517
Europe,,1959,0.6089655
Europe,,1960,0.61913794
Europe,,1961,0.62334484
Europe,,1962,0.6246552
Europe,,1963,0.6303448
Europe,,1964,0.6318276
Europe,,1965,0.63268965
Europe,,1966,0.63293105
Europe,,1967,0.624
Europe,,1968,0.62686205
Europe,,1969,0.6272414
Europe,,1970,0.6292069
Europe,,1971,0.63031036
Europe,,1972,0.6302069
Europe,,1973,0.6314828
Europe,,1974,0.655069
Europe,,1975,0.68472415
Europe,,1976,0.6901035
Europe,,1977,0.7007931
Europe,,1978,0.70748276
Europe,,1979,0.70910347
Europe,,1980,0.7156207
Europe,,1981,0.7154138
Europe,,1982,0.71227586
Europe,,1983,0.7145862
Europe,,1984,0.72010344
Europe,,1985,0.722
Europe,,1986,0.72682756
Europe,,1987,0.73182756
Europe,,1988,0.7353448
Europe,,1989,0.7526
Europe,,1990,0.8551389
Europe,,1991,0.8669189
Europe,,1992,0.8706579
Europe,,1993,0.8728718
Europe,,1994,0.8753846
Europe,,1995,0.87617946
Europe,,1996,0.88346153
Europe,,1997,0.88515383
Europe,,1998,0.882925
Europe,,1999,0.8780488
Europe,,2000,0.88836586
Europe,,2001,0.8927073
Europe,,2002,0.8961951
Europe,,2003,0.8978537
Europe,,2004,0.8993171
Europe,,2005,0.90229267
Europe,,2006,0.90221953
Europe,,2007,0.9027805
Europe,,2008,0.9037561
Europe,,2009,0.90412194
Europe,,2010,0.9069512
Europe,,2011,0.90682924
Europe,,2012,0.904
Europe,,2013,0.8988049
Europe,,2014,0.8945366
Europe,,2015,0.893
Europe,,2016,0.88987803
Europe,,2017,0.8868781
Europe,,2018,0.88439023
Europe,,2019,0.88765854
Europe,,2020,0.86663413
Europe,,2021,0.86782926
Europe,,2022,0.8678049
Europe,,2023,0.8668293
Europe,,2024,0.8606829
Germany,DEU,1900,0.645
Germany,DEU,1901,0.645
Germany,DEU,1902,0.645
Germany,DEU,1903,0.645
Germany,DEU,1904,0.645
Germany,DEU,1905,0.645
Germany,DEU,1906,0.645
Germany,DEU,1907,0.645
Germany,DEU,1908,0.646
Germany,DEU,1909,0.648
Germany,DEU,1910,0.648
Germany,DEU,1911,0.651
Germany,DEU,1912,0.653
Germany,DEU,1913,0.651
Germany,DEU,1914,0.595
Germany,DEU,1915,0.58
Germany,DEU,1916,0.572
Germany,DEU,1917,0.575
Germany,DEU,1918,0.579
Germany,DEU,1919,0.748
Germany,DEU,1920,0.762
Germany,DEU,1921,0.762
Germany,DEU,1922,0.758
Germany,DEU,1923,0.753
Germany,DEU,1924,0.757
Germany,DEU,1925,0.754
Germany,DEU,1926,0.758
Germany,DEU,1927,0.758
Germany,DEU,1928,0.758
Germany,DEU,1929,0.759
Germany,DEU,1930,0.745
Germany,DEU,1931,0.745
Germany,DEU,1932,0.725
Germany,DEU,1933,0.186
Germany,DEU,1934,0.055
Germany,DEU,1935,0.051
Germany,DEU,1936,0.05
Germany,DEU,1937,0.049
Germany,DEU,1938,0.044
Germany,DEU,1939,0.033
Germany,DEU,1940,0.032
Germany,DEU,1941,0.032
Germany,DEU,1942,0.031
Germany,DEU,1943,0.031
Germany,DEU,1944,0.031
Germany,DEU,1991,0.968
Germany,DEU,1992,0.968
Germany,DEU,1993,0.968
Germany,DEU,1994,0.968
Germany,DEU,1995,0.968
Germany,DEU,1996,0.968
Germany,DEU,1997,0.968
Germany,DEU,1998,0.968
Germany,DEU,1999,0.968
Germany,DEU,2000,0.968
Germany,DEU,2001,0.968
Germany,DEU,2002,0.968
Germany,DEU,2003,0.968
Germany,DEU,2004,0.968
Germany,DEU,2005,0.968
Germany,DEU,2006,0.969
Germany,DEU,2007,0.969
Germany,DEU,2008,0.969
Germany,DEU,2009,0.968
Germany,DEU,2010,0.968
Germany,DEU,2011,0.968
Germany,DEU,2012,0.967
Germany,DEU,2013,0.964
Germany,DEU,2014,0.964
Germany,DEU,2015,0.963
Germany,DEU,2016,0.964
Germany,DEU,2017,0.962
Germany,DEU,2018,0.961
Germany,DEU,2019,0.962
Germany,DEU,2020,0.955
Germany,DEU,2021,0.954
Germany,DEU,2022,0.951
Germany,DEU,2023,0.951
Germany,DEU,2024,0.941
Italy,ITA,1900,0.684
Italy,ITA,1901,0.701
Italy,ITA,1902,0.7
Italy,ITA,1903,0.7
Italy,ITA,1904,0.7
Italy,ITA,1905,0.705
Italy,ITA,1906,0.705
Italy,ITA,1907,0.705
Italy,ITA,1908,0.705
Italy,ITA,1909,0.705
Italy,ITA,1910,0.705
Italy,ITA,1911,0.707
Italy,ITA,1912,0.708
Italy,ITA,1913,0.707
Italy,ITA,1914,0.695
Italy,ITA,1915,0.655
Italy,ITA,1916,0.645
Italy,ITA,1917,0.642
Italy,ITA,1918,0.639
Italy,ITA,1919,0.686
Italy,ITA,1920,0.689
Italy,ITA,1921,0.689
Italy,ITA,1922,0.578
Italy,ITA,1923,0.369
Italy,ITA,1924,0.32
Italy,ITA,1925,0.22
Italy,ITA,1926,0.19
Italy,ITA,1927,0.188
Italy,ITA,1928,0.185
Italy,ITA,1929,0.179
Italy,ITA,1930,0.185
Italy,ITA,1931,0.183
Italy,ITA,1932,0.182
Italy,ITA,1933,0.182
Italy,ITA,1934,0.182
Italy,ITA,1935,0.182
Italy,ITA,1936,0.182
Italy,ITA,1937,0.182
Italy,ITA,1938,0.175
Italy,ITA,1939,0.169
Italy,ITA,1940,0.169
Italy,ITA,1941,0.169
Italy,ITA,1942,0.169
Italy,ITA,1943,0.176
Italy,ITA,1944,0.427
Italy,ITA,1945,0.426
Italy,ITA,1946,0.709
Italy,ITA,1947,0.801
Italy,ITA,1948,0.831
Italy,ITA,1949,0.833
Italy,ITA,1950,0.834
Italy,ITA,1951,0.834
Italy,ITA,1952,0.834
Italy,ITA,1953,0.834
Italy,ITA,1954,0.834
Italy,ITA,1955,0.834
Italy,ITA,1956,0.845
Italy,ITA,1957,0.845
Italy,ITA,1958,0.845
Italy,ITA,1959,0.845
Italy,ITA,1960,0.847
Italy,ITA,1961,0.852
Italy,ITA,1962,0.858
Italy,ITA,1963,0.872
Italy,ITA,1964,0.872
Italy,ITA,1965,0.872
Italy,ITA,1966,0.872
Italy,ITA,1967,0.872
Italy,ITA,1968,0.875
Italy,ITA,1969,0.876
Italy,ITA,1970,0.879
Italy,ITA,1971,0.882
Italy,ITA,1972,0.882
Italy,ITA,1973,0.881
Italy,ITA,1974,0.881
Italy,ITA,1975,0.881
Italy,ITA,1976,0.893
Italy,ITA,1977,0.9
Italy,ITA,1978,0.9
Italy,ITA,1979,0.9
Italy,ITA,1980,0.922
Italy,ITA,1981,0.928
Italy,ITA,1982,0.928
Italy,ITA,1983,0.928
Italy,ITA,1984,0.932
Italy,ITA,1985,0.932
Italy,ITA,1986,0.932
Italy,ITA,1987,0.932
Italy,ITA,1988,0.932
Italy,ITA,1989,0.932
Italy,ITA,1990,0.932
Italy,ITA,1991,0.936
Italy,ITA,1992,0.934
Italy,ITA,1993,0.934
Italy,ITA,1994,0.935
Italy,ITA,1995,0.935
Italy,ITA,1996,0.935
Italy,ITA,1997,0.935
Italy,ITA,1998,0.935
Italy,ITA,1999,0.935
Italy,ITA,2000,0.934
Italy,ITA,2001,0.933
Italy,ITA,2002,0.934
Italy,ITA,2003,0.934
Italy,ITA,2004,0.934
Italy,ITA,2005,0.936
Italy,ITA,2006,0.937
Italy,ITA,2007,0.938
Italy,ITA,2008,0.932
Italy,ITA,2009,0.936
Italy,ITA,2010,0.937
Italy,ITA,2011,0.937
Italy,ITA,2012,0.939
Italy,ITA,2013,0.924
Italy,ITA,2014,0.924
Italy,ITA,2015,0.924
Italy,ITA,2016,0.927
Italy,ITA,2017,0.935
Italy,ITA,2018,0.931
Italy,ITA,2019,0.934
Italy,ITA,2020,0.91
Italy,ITA,2021,0.913
Italy,ITA,2022,0.924
Italy,ITA,2023,0.912
Italy,ITA,2024,0.911
Mexico,MEX,1900,0.31
Mexico,MEX,1901,0.31
Mexico,MEX,1902,0.31
Mexico,MEX,1903,0.31
Mexico,MEX,1904,0.31
Mexico,MEX,1905,0.31
Mexico,MEX,1906,0.31
Mexico,MEX,1907,0.31
Mexico,MEX,1908,0.31
Mexico,MEX,1909,0.31
Mexico,MEX,1910,0.305
Mexico,MEX,1911,0.35
Mexico,MEX,1912,0.358
Mexico,MEX,1913,0.28
Mexico,MEX,1914,0.269
Mexico,MEX,1915,0.29
Mexico,MEX,1916,0.316
Mexico,MEX,1917,0.324
Mexico,MEX,1918,0.328
Mexico,MEX,1919,0.332
Mexico,MEX,1920,0.334
Mexico,MEX,1921,0.367
Mexico,MEX,1922,0.367
Mexico,MEX,1923,0.36
Mexico,MEX,1924,0.36
Mexico,MEX,1925,0.345
Mexico,MEX,1926,0.32
Mexico,MEX,1927,0.32
Mexico,MEX,1928,0.32
Mexico,MEX,1929,0.343
Mexico,MEX,1930,0.398
Mexico,MEX,1931,0.398
Mexico,MEX,1932,0.404
Mexico,MEX,1933,0.403
Mexico,MEX,1934,0.415
Mexico,MEX,1935,0.436
Mexico,MEX,1936,0.436
Mexico,MEX,1937,0.436
Mexico,MEX,1938,0.442
Mexico,MEX,1939,0.464
Mexico,MEX,1940,0.487
Mexico,MEX,1941,0.473
Mexico,MEX,1942,0.473
Mexico,MEX,1943,0.473
Mexico,MEX,1944,0.473
Mexico,MEX,1945,0.473
Mexico,MEX,1946,0.475
Mexico,MEX,1947,0.473
Mexico,MEX,1948,0.468
Mexico,MEX,1949,0.473
Mexico,MEX,1950,0.473
Mexico,MEX,1951,0.473
Mexico,MEX,1952,0.471
Mexico,MEX,1953,0.479
Mexico,MEX,1954,0.488
Mexico,MEX,1955,0.488
Mexico,MEX,1956,0.488
Mexico,MEX,1957,0.488
Mexico,MEX,1958,0.479
Mexico,MEX,1959,0.471
Mexico,MEX,1960,0.479
Mexico,MEX,1961,0.479
Mexico,MEX,1962,0.479
Mexico,MEX,1963,0.479
Mexico,MEX,1964,0.465
Mexico,MEX,1965,0.465
Mexico,MEX,1966,0.465
Mexico,MEX,1967,0.469
Mexico,MEX,1968,0.463
Mexico,MEX,1969,0.476
Mexico,MEX,1970,0.492
Mexico,MEX,1971,0.492
Mexico,MEX,1972,0.497
Mexico,MEX,1973,0.497
Mexico,MEX,1974,0.497
Mexico,MEX,1975,0.493
Mexico,MEX,1976,0.503
Mexico,MEX,1977,0.562
Mexico,MEX,1978,0.572
Mexico,MEX,1979,0.572
Mexico,MEX,1980,0.575
Mexico,MEX,1981,0.579
Mexico,MEX,1982,0.58
Mexico,MEX,1983,0.58
Mexico,MEX,1984,0.58
Mexico,MEX,1985,0.58
Mexico,MEX,1986,0.58
Mexico,MEX,1987,0.581
Mexico,MEX,1988,0.582
Mexico,MEX,1989,0.599
Mexico,MEX,1990,0.603
Mexico,MEX,1991,0.612
Mexico,MEX,1992,0.625
Mexico,MEX,1993,0.636
Mexico,MEX,1994,0.649
Mexico,MEX,1995,0.666
Mexico,MEX,1996,0.666
Mexico,MEX,1997,0.671
Mexico,MEX,1998,0.682
Mexico,MEX,1999,0.685
Mexico,MEX,2000,0.712
Mexico,MEX,2001,0.713
Mexico,MEX,2002,0.713
Mexico,MEX,2003,0.713
Mexico,MEX,2004,0.713
Mexico,MEX,2005,0.713
Mexico,MEX,2006,0.685
Mexico,MEX,2007,0.696
Mexico,MEX,2008,0.693
Mexico,MEX,2009,0.695
Mexico,MEX,2010,0.684
Mexico,MEX,2011,0.686
Mexico,MEX,2012,0.69
Mexico,MEX,2013,0.681
Mexico,MEX,2014,0.674
Mexico,MEX,2015,0.692
Mexico,MEX,2016,0.689
Mexico,MEX,2017,0.702
Mexico,MEX,2018,0.724
Mexico,MEX,2019,0.712
Mexico,MEX,2020,0.698
Mexico,MEX,2021,0.677
Mexico,MEX,2022,0.666
Mexico,MEX,2023,0.673
Mexico,MEX,2024,0.598
Russia,RUS,1900,0.28
Russia,RUS,1901,0.278
Russia,RUS,1902,0.273
Russia,RUS,1903,0.278
Russia,RUS,1904,0.278
Russia,RUS,1905,0.297
Russia,RUS,1906,0.314
Russia,RUS,1907,0.318
Russia,RUS,1908,0.319
Russia,RUS,1909,0.33
Russia,RUS,1910,0.34
Russia,RUS,1911,0.34
Russia,RUS,1912,0.34
Russia,RUS,1913,0.34
Russia,RUS,1914,0.328
Russia,RUS,1915,0.314
Russia,RUS,1916,0.297
Russia,RUS,1917,0.306
Russia,RUS,1918,0.069
Russia,RUS,1919,0.059
Russia,RUS,1920,0.056
Russia,RUS,1921,0.054
Russia,RUS,1922,0.058
Russia,RUS,1923,0.05
Russia,RUS,1924,0.04
Russia,RUS,1925,0.036
Russia,RUS,1926,0.033
Russia,RUS,1927,0.03
Russia,RUS,1928,0.03
Russia,RUS,1929,0.026
Russia,RUS,1930,0.022
Russia,RUS,1931,0.022
Russia,RUS,1932,0.021
Russia,RUS,1933,0.019
Russia,RUS,1934,0.017
Russia,RUS,1935,0.017
Russia,RUS,1936,0.015
Russia,RUS,1937,0.014
Russia,RUS,1938,0.014
Russia,RUS,1939,0.014
Russia,RUS,1940,0.014
Russia,RUS,1941,0.017
Russia,RUS,1942,0.017
Russia,RUS,1943,0.018
Russia,RUS,1944,0.018
Russia,RUS,1945,0.019
Russia,RUS,1946,0.02
Russia,RUS,1947,0.017
Russia,RUS,1948,0.016
Russia,RUS,1949,0.015
Russia,RUS,1950,0.015
Russia,RUS,1951,0.015
Russia,RUS,1952,0.015
Russia,RUS,1953,0.017
Russia,RUS,1954,0.124
Russia,RUS,1955,0.126
Russia,RUS,1956,0.131
Russia,RUS,1957,0.146
Russia,RUS,1958,0.147
Russia,RUS,1959,0.148
Russia,RUS,1960,0.149
Russia,RUS,1961,0.148
Russia,RUS,1962,0.148
Russia,RUS,1963,0.147
Russia,RUS,1964,0.147
Russia,RUS,1965,0.148
Russia,RUS,1966,0.148
Russia,RUS,1967,0.149
Russia,RUS,1968,0.149
Russia,RUS,1969,0.148
Russia,RUS,1970,0.151
Russia,RUS,1971,0.15
Russia,RUS,1972,0.147
Russia,RUS,1973,0.148
Russia,RUS,1974,0.15
Russia,RUS,1975,0.15
Russia,RUS,1976,0.149
Russia,RUS,1977,0.149
Russia,RUS,1978,0.149
Russia,RUS,1979,0.148
Russia,RUS,1980,0.151
Russia,RUS,1981,0.149
Russia,RUS,1982,0.151
Russia,RUS,1983,0.148
Russia,RUS,1984,0.148
Russia,RUS,1985,0.171
Russia,RUS,1986,0.243
Russia,RUS,1987,0.284
Russia,RUS,1988,0.292
Russia,RUS,1989,0.318
Russia,RUS,1990,0.413
Russia,RUS,1991,0.443
Russia,RUS,1992,0.706
Russia,RUS,1993,0.718
Russia,RUS,1994,0.716
Russia,RUS,1995,0.713
Russia,RUS,1996,0.713
Russia,RUS,1997,0.711
Russia,RUS,1998,0.711
Russia,RUS,1999,0.709
Russia,RUS,2000,0.632
Russia,RUS,2001,0.604
Russia,RUS,2002,0.583
Russia,RUS,2003,0.559
Russia,RUS,2004,0.561
Russia,RUS,2005,0.548
Russia,RUS,2006,0.543
Russia,RUS,2007,0.533
Russia,RUS,2008,0.542
Russia,RUS,2009,0.549
Russia,RUS,2010,0.542
Russia,RUS,2011,0.544
Russia,RUS,2012,0.518
Russia,RUS,2013,0.507
Russia,RUS,2014,0.49
Russia,RUS,2015,0.477
Russia,RUS,2016,0.463
Russia,RUS,2017,0.464
Russia,RUS,2018,0.461
Russia,RUS,2019,0.461
Russia,RUS,2020,0.419
Russia,RUS,2021,0.418
Russia,RUS,2022,0.303
Russia,RUS,2023,0.296
Russia,RUS,2024,0.26
Spain,ESP,1900,0.489
Spain,ESP,1901,0.489
Spain,ESP,1902,0.489
Spain,ESP,1903,0.489
Spain,ESP,1904,0.489
Spain,ESP,1905,0.489
Spain,ESP,1906,0.489
Spain,ESP,1907,0.489
Spain,ESP,1908,0.489
Spain,ESP,1909,0.489
Spain,ESP,1910,0.489
Spain,ESP,1911,0.489
Spain,ESP,1912,0.489
Spain,ESP,1913,0.489
Spain,ESP,1914,0.489
Spain,ESP,1915,0.489
Spain,ESP,1916,0.489
Spain,ESP,1917,0.489
Spain,ESP,1918,0.489
Spain,ESP,1919,0.489
Spain,ESP,1920,0.488
Spain,ESP,1921,0.488
Spain,ESP,1922,0.484
Spain,ESP,1923,0.357
Spain,ESP,1924,0.295
Spain,ESP,1925,0.295
Spain,ESP,1926,0.295
Spain,ESP,1927,0.295
Spain,ESP,1928,0.295
Spain,ESP,1929,0.295
Spain,ESP,1930,0.304
Spain,ESP,1931,0.617
Spain,ESP,1932,0.749
Spain,ESP,1933,0.761
Spain,ESP,1934,0.761
Spain,ESP,1935,0.761
Spain,ESP,1936,0.593
Spain,ESP,1937,0.348
Spain,ESP,1938,0.344
Spain,ESP,1939,0.272
Spain,ESP,1940,0.103
Spain,ESP,1941,0.114
Spain,ESP,1942,0.114
Spain,ESP,1943,0.137
Spain,ESP,1944,0.137
Spain,ESP,1945,0.143
Spain,ESP,1946,0.152
Spain,ESP,1947,0.152
Spain,ESP,1948,0.152
Spain,ESP,1949,0.152
Spain,ESP,1950,0.161
Spain,ESP,1951,0.161
Spain,ESP,1952,0.161
Spain,ESP,1953,0.161
Spain,ESP,1954,0.161
Spain,ESP,1955,0.161
Spain,ESP,1956,0.162
Spain,ESP,1957,0.162
Spain,ESP,1958,0.178
Spain,ESP,1959,0.177
Spain,ESP,1960,0.211
Spain,ESP,1961,0.212
Spain,ESP,1962,0.212
Spain,ESP,1963,0.215
Spain,ESP,1964,0.215
Spain,ESP,1965,0.215
Spain,ESP,1966,0.22
Spain,ESP,1967,0.227
Spain,ESP,1968,0.229
Spain,ESP,1969,0.229
Spain,ESP,1970,0.232
Spain,ESP,1971,0.232
Spain,ESP,1972,0.232
Spain,ESP,1973,0.235
Spain,ESP,1974,0.238
Spain,ESP,1975,0.259
Spain,ESP,1976,0.367
Spain,ESP,1977,0.642
Spain,ESP,1978,0.826
Spain,ESP,1979,0.866
Spain,ESP,1980,0.866
Spain,ESP,1981,0.866
Spain,ESP,1982,0.871
Spain,ESP,1983,0.891
Spain,ESP,1984,0.891
Spain,ESP,1985,0.891
Spain,ESP,1986,0.898
Spain,ESP,1987,0.953
Spain,ESP,1988,0.953
Spain,ESP,1989,0.953
Spain,ESP,1990,0.953
Spain,ESP,1991,0.953
Spain,ESP,1992,0.953
Spain,ESP,1993,0.953
Spain,ESP,1994,0.953
Spain,ESP,1995,0.953
Spain,ESP,1996,0.962
Spain,ESP,1997,0.962
Spain,ESP,1998,0.962
Spain,ESP,1999,0.962
Spain,ESP,2000,0.962
Spain,ESP,2001,0.962
Spain,ESP,2002,0.962
Spain,ESP,2003,0.959
Spain,ESP,2004,0.96
Spain,ESP,2005,0.96
Spain,ESP,2006,0.96
Spain,ESP,2007,0.959
Spain,ESP,2008,0.959
Spain,ESP,2009,0.959
Spain,ESP,2010,0.959
Spain,ESP,2011,0.96
Spain,ESP,2012,0.959
Spain,ESP,2013,0.957
Spain,ESP,2014,0.956
Spain,ESP,2015,0.949
Spain,ESP,2016,0.949
Spain,ESP,2017,0.946
Spain,ESP,2018,0.949
Spain,ESP,2019,0.953
Spain,ESP,2020,0.942
Spain,ESP,2021,0.938
Spain,ESP,2022,0.951
Spain,ESP,2023,0.948
Spain,ESP,2024,0.948
United States,USA,1900,0.739
United States,USA,1901,0.739
United States,USA,1902,0.739
United States,USA,1903,0.739
United States,USA,1904,0.739
United States,USA,1905,0.739
United States,USA,1906,0.739
United States,USA,1907,0.739
United States,USA,1908,0.739
United States,USA,1909,0.739
United States,USA,1910,0.734
United States,USA,1911,0.734
United States,USA,1912,0.734
United States,USA,1913,0.734
United States,USA,1914,0.736
United States,USA,1915,0.736
United States,USA,1916,0.732
United States,USA,1917,0.718
United States,USA,1918,0.707
United States,USA,1919,0.717
United States,USA,1920,0.731
United States,USA,1921,0.728
United States,USA,1922,0.731
United States,USA,1923,0.731
United States,USA,1924,0.731
United States,USA,1925,0.731
United States,USA,1926,0.731
United States,USA,1927,0.731
United States,USA,1928,0.731
United States,USA,1929,0.731
United States,USA,1930,0.731
United States,USA,1931,0.739
United States,USA,1932,0.744
United States,USA,1933,0.762
United States,USA,1934,0.763
United States,USA,1935,0.761
United States,USA,1936,0.761
United States,USA,1937,0.761
United States,USA,1938,0.761
United States,USA,1939,0.75
United States,USA,1940,0.741
United States,USA,1941,0.728
United States,USA,1942,0.724
United States,USA,1943,0.725
United States,USA,1944,0.725
United States,USA,1945,0.728
United States,USA,1946,0.761
United States,USA,1947,0.773
United States,USA,1948,0.77
United States,USA,1949,0.778
United States,USA,1950,0.769
United States,USA,1951,0.769
United States,USA,1952,0.769
United States,USA,1953,0.769
United States,USA,1954,0.77
United States,USA,1955,0.773
United States,USA,1956,0.776
United States,USA,1957,0.782
United States,USA,1958,0.789
United States,USA,1959,0.789
United States,USA,1960,0.797
United States,USA,1961,0.799
United States,USA,1962,0.798
United States,USA,1963,0.798
United States,USA,1964,0.804
United States,USA,1965,0.814
United States,USA,1966,0.825
United States,USA,1967,0.825
United States,USA,1968,0.843
United States,USA,1969,0.862
United States,USA,1970,0.886
United States,USA,1971,0.885
United States,USA,1972,0.895
United States,USA,1973,0.9
United States,USA,1974,0.903
United States,USA,1975,0.91
United States,USA,1976,0.916
United States,USA,1977,0.92
United States,USA,1978,0.922
United States,USA,1979,0.924
United States,USA,1980,0.928
United States,USA,1981,0.94
United States,USA,1982,0.94
United States,USA,1983,0.939
United States,USA,1984,0.939
United States,USA,1985,0.939
United States,USA,1986,0.942
United States,USA,1987,0.943
United States,USA,1988,0.943
United States,USA,1989,0.943
United States,USA,1990,0.948
United States,USA,1991,0.946
United States,USA,1992,0.948
United States,USA,1993,0.948
United States,USA,1994,0.948
United States,USA,1995,0.948
United States,USA,1996,0.948
United States,USA,1997,0.948
United States,USA,1998,0.948
United States,USA,1999,0.948
United States,USA,2000,0.947
United States,USA,2001,0.946
United States,USA,2002,0.933
United States,USA,2003,0.904
United States,USA,2004,0.905
United States,USA,2005,0.922
United States,USA,2006,0.913
United States,USA,2007,0.922
United States,USA,2008,0.939
United States,USA,2009,0.95
United States,USA,2010,0.952
United States,USA,2011,0.95
United States,USA,2012,0.95
United States,USA,2013,0.952
United States,USA,2014,0.952
United States,USA,2015,0.952
United States,USA,2016,0.949
United States,USA,2017,0.941
United States,USA,2018,0.933
United States,USA,2019,0.927
United States,USA,2020,0.913
United States,USA,2021,0.937
United States,USA,2022,0.942
United States,USA,2023,0.926
United States,USA,2024,0.924
World,OWID_WRL,1900,0.40776423
World,OWID_WRL,1901,0.408439
World,OWID_WRL,1902,0.40976614
World,OWID_WRL,1903,0.4108504
World,OWID_WRL,1904,0.40930232
World,OWID_WRL,1905,0.41087598
World,OWID_WRL,1906,0.41455385
World,OWID_WRL,1907,0.41492307
World,OWID_WRL,1908,0.41566154
World,OWID_WRL,1909,0.41656154
World,OWID_WRL,1910,0.4134351
World,OWID_WRL,1911,0.4087239
World,OWID_WRL,1912,0.40923703
World,OWID_WRL,1913,0.4087852
World,OWID_WRL,1914,0.4025809
World,OWID_WRL,1915,0.3998603
World,OWID_WRL,1916,0.39315107
World,OWID_WRL,1917,0.39303598
World,OWID_WRL,1918,0.4025034
World,OWID_WRL,1919,0.4121419
World,OWID_WRL,1920,0.4169404
World,OWID_WRL,1921,0.42014
World,OWID_WRL,1922,0.41755554
World,OWID_WRL,1923,0.41571894
World,OWID_WRL,1924,0.41667974
World,OWID_WRL,1925,0.41486928
World,OWID_WRL,1926,0.41270587
World,OWID_WRL,1927,0.41048366
World,OWID_WRL,1928,0.4102353
World,OWID_WRL,1929,0.41037256
World,OWID_WRL,1930,0.4083464
World,OWID_WRL,1931,0.40826797
World,OWID_WRL,1932,0.40908554
World,OWID_WRL,1933,0.40273026
World,OWID_WRL,1934,0.39805922
World,OWID_WRL,1935,0.39786842
World,OWID_WRL,1936,0.39521053
World,OWID_WRL,1937,0.39275
World,OWID_WRL,1938,0.39203948
World,OWID_WRL,1939,0.38301325
World,OWID_WRL,1940,0.35837838
World,OWID_WRL,1941,0.3502282
World,OWID_WRL,1942,0.34994593
World,OWID_WRL,1943,0.34931082
World,OWID_WRL,1944,0.34972483
World,OWID_WRL,1945,0.38057047
World,OWID_WRL,1946,0.42092666
World,OWID_WRL,1947,0.4244079
World,OWID_WRL,1948,0.41907743
World,OWID_WRL,1949,0.41886538
World,OWID_WRL,1950,0.42645162
World,OWID_WRL,1951,0.42770514
World,OWID_WRL,1952,0.42871153
World,OWID_WRL,1953,0.42830127
World,OWID_WRL,1954,0.4292372
World,OWID_WRL,1955,0.42767948
World,OWID_WRL,1956,0.431
World,OWID_WRL,1957,0.43608975
World,OWID_WRL,1958,0.4401346
World,OWID_WRL,1959,0.44271794
World,OWID_WRL,1960,0.45949033
World,OWID_WRL,1961,0.4605
World,OWID_WRL,1962,0.46153846
World,OWID_WRL,1963,0.46408334
World,OWID_WRL,1964,0.46137822
World,OWID_WRL,1965,0.45983332
World,OWID_WRL,1966,0.45984617
World,OWID_WRL,1967,0.45566666
World,OWID_WRL,1968,0.45041665
World,OWID_WRL,1969,0.44429487
World,OWID_WRL,1970,0.44434616
World,OWID_WRL,1971,0.43975317
World,OWID_WRL,1972,0.43813923
World,OWID_WRL,1973,0.43273416
World,OWID_WRL,1974,0.43513292
World,OWID_WRL,1975,0.43984178
World,OWID_WRL,1976,0.4416879
World,OWID_WRL,1977,0.44399363
World,OWID_WRL,1978,0.44619107
World,OWID_WRL,1979,0.4551019
World,OWID_WRL,1980,0.46522292
World,OWID_WRL,1981,0.46515286
World,OWID_WRL,1982,0.46398726
World,OWID_WRL,1983,0.4686242
World,OWID_WRL,1984,0.47326753
World,OWID_WRL,1985,0.48238853
World,OWID_WRL,1986,0.4907261
World,OWID_WRL,1987,0.49776432
World,OWID_WRL,1988,0.50399363
World,OWID_WRL,1989,0.51307595
World,OWID_WRL,1990,0.5760465
World,OWID_WRL,1991,0.60475725
World,OWID_WRL,1992,0.6232874
World,OWID_WRL,1993,0.6337486
World,OWID_WRL,1994,0.6398572
World,OWID_WRL,1995,0.6472629
World,OWID_WRL,1996,0.6506857
World,OWID_WRL,1997,0.65026283
World,OWID_WRL,1998,0.6543977
World,OWID_WRL,1999,0.65876836
World,OWID_WRL,2000,0.6731299
World,OWID_WRL,2001,0.67671186
World,OWID_WRL,2002,0.68284184
World,OWID_WRL,2003,0.68809605
World,OWID_WRL,2004,0.6920113
World,OWID_WRL,2005,0.69451976
World,OWID_WRL,2006,0.6944181
World,OWID_WRL,2007,0.6927303
World,OWID_WRL,2008,0.6937528
World,OWID_WRL,2009,0.69374716
World,OWID_WRL,2010,0.6995225
World,OWID_WRL,2011,0.7011397
World,OWID_WRL,2012,0.7017933
World,OWID_WRL,2013,0.6959609
World,OWID_WRL,2014,0.6925475
World,OWID_WRL,2015,0.691324
World,OWID_WRL,2016,0.6857095
World,OWID_WRL,2017,0.6843911
World,OWID_WRL,2018,0.68417317
World,OWID_WRL,2019,0.6844358
World,OWID_WRL,2020,0.67482126
World,OWID_WRL,2021,0.66730726
World,OWID_WRL,2022,0.6652235
World,OWID_WRL,2023,0.66351396
World,OWID_WRL,2024,0.6554916